{
    "total_runtime": 98.79513216018677,
    "num_documents": 1,
    "input_load_time": 0,
    "workflows": {
        "create_base_text_units": {
            "overall": 0.1493666172027588
        },
        "create_final_documents": {
            "overall": 0.10205078125
        },
        "extract_graph": {
            "overall": 80.01410460472107
        },
        "finalize_graph": {
            "overall": 0.14595508575439453
        },
        "create_communities": {
            "overall": 0.12389802932739258
        },
        "create_final_text_units": {
            "overall": 0.08373737335205078
        },
        "create_community_reports": {
            "overall": 14.886197328567505
        },
        "generate_text_embeddings": {
            "overall": 3.084620952606201
        }
    }
}