{
    "total_runtime": 3661.8691244125366,
    "num_documents": 8,
    "input_load_time": 0,
    "workflows": {
        "create_base_text_units": {
            "overall": 0.6114318370819092
        },
        "create_final_documents": {
            "overall": 0.05377030372619629
        },
        "extract_graph": {
            "overall": 1848.4527008533478
        },
        "finalize_graph": {
            "overall": 0.06720495223999023
        },
        "create_communities": {
            "overall": 0.08729267120361328
        },
        "create_final_text_units": {
            "overall": 0.06705451011657715
        },
        "create_community_reports": {
            "overall": 350.89170932769775
        },
        "generate_text_embeddings": {
            "overall": 1461.5553197860718
        }
    }
}